id,skillid,userid,value
1,1,20829421,4
5,25,20829421,4
14,8,20829421,4
15,9,20829421,3
18,18,20829421,4
20,1,20929984,3
21,11,20929984,3
22,13,20929984,4
23,17,20929984,4
24,18,20929984,2
25,1,21692946,4
26,2,21692946,1
29,9,21692946,1
31,15,21692946,3
32,18,21692946,2
33,28,21692946,4
35,26,21692946,4
37,30,21692946,3
38,1,21383565,4
40,19,21383565,2
41,8,21383565,3
42,9,21383565,3
43,16,21383565,2
44,17,21383565,4
45,18,21383565,3
47,13,21383565,2
48,11,21383565,3
50,33,21383565,4
51,25,21383565,3
52,29,21383565,4
53,28,21383565,4
61,1,21332412,4
63,11,21332412,2
64,13,21332412,1
65,15,21332412,1
66,9,21332412,1
67,18,21332412,2
68,16,21332412,1
69,17,21332412,2
70,25,21332412,1
71,37,N14210964,2
73,16,21332368,1
74,15,21332368,2
75,18,21332368,2
76,17,21332368,3
77,19,21332368,1
78,1,21332368,3
79,1,20901248,4
81,17,20901248,4
82,1,21607921,4
83,6,21607921,1
84,15,21607921,3
85,16,21607921,2
86,11,21607921,2
87,28,21607921,3
88,26,21607921,3
89,29,21607921,3
90,25,21607921,1
91,38,20901248,3
94,1,21693497,4
95,41,21693497,2
96,8,21693497,4
97,10,21693497,4
98,19,21693497,3
99,42,21693497,4
100,43,21693497,4
101,8,21232336,4
102,25,21232336,3
103,36,21232336,3
104,15,21232336,3
105,9,21232336,2
106,39,21232336,2
107,17,21232336,4
108,16,21232336,2
109,18,21232336,3
110,13,21232336,2
111,11,21232336,2
112,1,21232336,4
113,1,21232801,2
114,7,21401386,4
115,3,21401386,4
116,1,21401386,4
117,2,21401386,1
118,39,21401386,3
119,11,21401386,3
121,1,21332497,4
124,1,20829693,4
125,15,20829693,2
128,33,21685144,2
129,1,21685144,3
130,1,N17113663,3
131,1,N17118787,4
134,43,21731865,3
135,29,21731865,4
136,30,21731865,4
137,1,21731865,3
140,3,21731865,2
141,1,21431208,4
142,2,21431208,2
143,1,N17136814,4
144,1,21731788,4
147,1,21631593,3
149,15,21631593,2
150,1,21732029,4
151,15,21732029,1
152,2,21631541,1
153,44,21631517,3
154,1,21631517,3
156,45,21631541,3
157,1,21531317,3
159,17,21531317,1
160,30,21531317,2
161,43,21531039,2
163,1,21631426,2
164,1,21631445,3
165,1,21631536,3
166,1,21693588,3
168,29,21693588,3
169,1,21631541,3
170,11,21693588,1
171,12,21693588,2
172,13,21693588,1
173,46,21693588,2
174,47,21693588,1
175,19,21693588,2
176,48,21693588,4
177,49,21693588,3
178,50,21693588,2
179,51,21693588,4
180,43,21693588,1
182,2,21331984,1
183,16,21331984,1
184,18,21331984,3
185,8,21331984,1
186,39,21331984,3
187,19,21331984,2
191,1,21631794,3
192,40,21631794,2
193,44,21631794,3
196,40,21631503,3
199,1,21631431,3
201,1,21631392,3
207,28,21631536,2
219,1,21631588,3
220,40,21631588,3
221,1,21631698,3
222,33,21631698,2
223,53,21631588,4
224,1,21631354,2
225,2,21631354,1
226,44,21631354,2
227,54,21631354,3
228,54,21631464,3
229,44,21631464,1
230,1,21631761,3
231,17,21631761,3
232,15,21631761,1
233,44,21631761,4
234,30,21631761,3
238,30,21631718,3
239,1,21631464,2
240,2,21631464,1
242,2,21631574,1
244,56,21631574,2
245,1,21631574,2
246,1,21631833,3
247,55,21631574,2
248,40,21631574,3
249,28,21631833,3
250,17,21631574,3
251,28,21631431,3
252,17,21631431,2
253,40,21531264,4
255,17,21631588,3
257,15,21605233,1
258,44,21605233,3
259,1,21732086,3
260,28,21732086,3
261,53,21732086,2
263,57,21731626,2
264,52,21731626,2
265,40,21631756,2
267,6,21631756,1
269,45,21631756,2
270,1,21631497,2
273,1,21531432,3
274,15,21531432,1
275,45,21531432,3
277,1,21631569,3
278,2,21631569,1
279,1,21731741,3
280,2,21731741,1
289,53,21731813,1
291,1,21403763,3
292,3,21403763,1
293,33,21403763,3
294,44,21403763,3
295,58,21403763,2
306,59,21731755,3
307,28,21732144,1
309,1,21631665,3
310,2,21631665,1
311,52,21685273,1
313,25,21631651,2
314,1,21631651,2
316,17,21631651,2
317,1,21232523,3
321,17,21631445,3
323,1,21604748,3
325,44,21731788,3
326,2,21731827,2
327,43,21731827,1
328,1,21631646,3
329,2,21631646,1
330,43,21631646,3
331,45,21631646,2
332,52,21631646,3
333,1,21531393,2
334,15,21531393,1
335,43,21531393,1
336,1,21631459,3
338,28,21631459,3
339,1,21732163,2
340,17,21732163,3
341,30,21732163,3
342,54,21732163,2
343,28,21732163,3
344,58,21732163,4
346,61,21232523,4
347,52,21691475,3
350,44,21731865,3
351,57,21731865,1
352,26,21731865,3
353,1,N17133393,4
354,62,N17133393,1
355,47,N17133393,2
356,9,N17133393,2
357,33,N17133393,3
358,63,N17133393,3
359,64,N17133393,4
360,52,N17133393,3
361,1,21631613,2
362,59,21631613,2
363,17,21631536,2
364,1,21693101,3
365,2,21693101,2
366,15,21693101,4
367,39,21693101,3
368,17,21693101,3
369,16,21693101,3
370,50,21693101,4
372,1,21693464,3
373,2,21693464,2
374,17,21693464,3
375,65,21693101,4
376,15,21693464,2
378,39,21693464,2
379,16,21693464,2
380,61,21693464,4
381,66,21693101,3
382,44,21693464,4
383,52,21693464,4
384,28,21693464,4
386,63,N17116388,3
387,43,N17116388,3
388,11,N16112737,2
389,1,N16112737,2
390,44,N16112737,3
391,59,N16112737,4
392,1,N15212862,2
393,60,N15212862,1
394,9,N15212862,3
395,18,N15212862,1
396,39,N15212862,3
397,11,N15212862,3
398,63,N15212862,3
399,64,N15212862,1
400,33,N15212862,4
401,36,N15212862,2
402,67,N15212862,3
403,61,N15212862,4
404,74,N15212862,3
405,1,N16133358,2
406,2,N16133358,3
407,63,N16133358,2
408,67,N16133358,2
409,39,N16133358,2
410,18,N16133358,1
411,74,N16133358,2
412,61,N16133358,3
413,60,N16118675,1
414,1,N16118675,3
415,39,N16118675,3
416,63,N16118675,3
417,61,N16118675,3
418,64,N16118675,3
421,1,21580869,3
423,16,21580869,3
424,9,21580869,2
428,1,21332373,3
429,39,21332373,1
430,11,21332373,2
431,46,21332373,1
432,13,21332373,2
433,9,21332373,1
434,18,21332373,1
435,17,21332373,4
436,48,21332373,1
437,15,21332373,1
438,10,21332373,2
439,29,21332373,3
440,53,21332373,2
442,1,21531168,2
443,6,21531168,1
444,33,21531168,2
446,15,21531168,2
447,17,21531168,3
449,30,21531168,1
450,28,21531168,2
451,2,21531168,1
452,29,21531168,1
453,69,21531168,1
454,29,21732086,3
456,26,21732086,2
457,45,21531168,1
459,8,21531168,1
460,9,21531168,1
461,63,21531168,1
462,53,21531168,3
463,1,N15216677,4
464,19,N15216677,4
465,39,N15216677,4
466,11,N15216677,2
467,18,N15216677,3
468,17,N15216677,4
469,1,N16115310,3
470,39,N16115310,3
471,17,N16115310,2
472,18,N16115310,1
474,18,N16110582,2
475,1,N16110582,3
476,17,N16110582,3
477,53,N16110582,4
478,28,N16110582,4
479,30,N16110582,3
480,44,N16110582,4
481,1,N14310999,4
482,2,N14310999,1
483,26,N14310999,4
484,1,N14311666,3
485,18,N14311666,3
486,71,N14311666,4
487,39,N14117293,3
492,1,N14117293,3
493,6,N14117293,1
494,9,N14117293,1
495,17,N14117293,3
496,28,N14117293,3
497,54,N14117293,4
498,33,N14117293,3
499,1,N16112133,4
500,2,N16112133,1
501,17,N16112133,4
502,9,N16112133,1
503,34,N16112133,3
504,39,N16112133,3
505,29,N16112133,3
506,25,N16112133,4
507,30,N16112133,3
508,28,N16112133,3
509,44,N16112133,4
510,26,N16112133,3
511,1,N15212964,4
512,72,N15212964,4
513,39,N15212964,4
514,1,N14219596,4
515,18,N14219596,3
517,1,N14217119,3
518,2,N14217119,1
519,61,N14217119,3
520,16,N14317314,4
521,13,N14317314,4
522,1,21732034,3
523,2,21732034,1
524,3,21631723,1
525,6,21332095,1
527,1,21332095,3
528,2,21332095,1
529,11,21332095,2
531,48,21332095,2
532,13,21332095,1
533,39,21332095,1
535,8,21332095,1
538,29,21332095,3
539,61,21332095,1
540,43,21332095,1
541,53,21332095,2
543,44,21332095,3
544,52,21332095,2
545,73,21332095,3
546,74,21332095,3
547,1,N17237526,1
548,19,N17237526,1
549,12,N17237526,2
550,67,N17237526,3
551,17,N17237526,3
552,16,N17237526,3
553,10,N17237526,2
554,33,N17237526,1
555,46,N17237526,1
556,14,N17237526,1
557,39,N17232147,3
558,17,N17232147,4
559,33,N17232147,3
560,36,N17232147,3
561,35,N17232147,4
562,61,N17232147,3
564,75,N17231269,3
565,1,N17231269,3
566,2,N17231269,3
567,1,N17238561,4
568,33,N17238561,4
569,39,N17238561,3
570,9,N17238561,3
572,17,N17238561,4
573,13,N17238561,3
574,10,N17238561,1
575,43,N17238561,3
576,28,N17238561,4
577,26,N17238561,4
580,1,21693258,2
581,15,21693258,3
582,9,21693258,2
586,17,21693258,2
588,30,21693258,3
589,26,21693258,3
590,28,21693258,3
591,52,21693258,2
592,44,21693258,4
593,82,21693258,3
594,29,21693258,3
595,25,21693258,3
597,1,21232652,4
598,2,21232652,1
599,15,21232652,2
600,16,21232652,1
601,33,21232652,3
602,17,21232652,4
603,74,21232652,4
604,9,21232652,2
605,1,N17235969,4
606,2,N17235969,1
609,30,21693483,3
612,28,21693483,3
614,42,21693483,1
615,44,21693483,3
616,57,21693483,1
617,77,21693483,4
618,78,21693483,4
620,1,21431026,3
621,6,21431026,1
622,58,21431026,4
623,15,21431026,2
624,45,21431026,3
625,43,21431026,2
626,33,21431026,3
627,44,21431026,3
628,17,21431026,3
630,73,21693646,2
631,48,21693646,1
632,6,21431304,1
634,17,21431304,2
635,15,21431304,2
637,1,21431059,3
638,2,21431059,1
639,13,21401386,3
640,44,21401386,4
642,1,20829622,4
643,39,20829622,2
644,9,20829622,2
645,18,20829622,3
646,17,20829622,4
647,13,20829622,1
648,54,20829622,3
649,61,20829622,2
650,44,20829622,2
651,19,20930173,2
652,18,20930173,3
653,8,20930173,1
654,17,20930173,3
655,33,N17232861,4
656,39,N17232861,2
657,17,N17232861,4
658,41,21531336,2
659,1,21531336,4
660,1,20929869,4
661,11,20929869,2
662,12,20929869,2
663,13,20929869,2
664,9,20929869,2
665,18,20929869,3
666,17,20929869,4
667,10,20929869,2
668,16,20929869,3
669,39,20929869,2
670,19,20929869,1
672,1,21332129,4
673,80,21332129,2
674,8,21332129,4
675,15,21332129,3
677,19,21332129,2
678,11,21332129,2
679,9,21332129,2
680,17,21332129,4
681,33,21332129,3
682,18,21332129,3
683,16,21332129,2
684,13,21332129,2
687,1,21232781,3
688,11,21232781,3
689,13,21232781,3
690,9,21232781,1
691,46,21232781,1
692,82,21232781,1
693,67,21232781,2
694,48,21232781,2
695,17,21232781,3
696,39,21232781,1
697,16,21232781,2
698,1,N16215662,4
699,19,21431304,1
700,9,21431304,1
701,1,21431304,3
702,1,21631387,4
703,2,21631387,1
704,15,21631387,3
705,33,21631387,4
706,74,21631387,3
707,53,21631387,3
708,17,21631387,3
709,9,21631387,1
711,49,21631387,1
714,15,21784399,2
715,26,21784399,3
716,39,21784399,2
717,1,21332134,4
718,6,21332134,2
719,1,N16117016,4
720,2,N16117016,2
721,58,21332005,4
722,1,21332005,3
723,2,21332005,1
724,49,21332005,4
725,48,21332005,4
726,19,21332005,2
727,47,21332005,2
728,82,21332005,3
729,13,21332005,3
730,9,21332005,3
731,18,21332005,4
732,17,21332005,4
733,16,21332005,3
734,10,21332005,3
735,52,21332005,4
736,54,21332005,3
737,83,21332005,3
738,25,21332005,3
739,78,21332005,2
740,73,21332005,3
741,44,21332005,3
742,84,21332005,1
743,1,21332277,3
744,85,21332277,1
745,86,21332277,2
746,19,21332277,2
747,39,21332277,2
748,13,21332277,2
749,9,21332277,1
750,18,21332277,2
751,17,21332277,2
752,16,21332277,1
753,11,21332277,2
755,2,21430991,1
764,17,21430991,3
766,58,21401386,4
767,19,21401386,3
768,16,21401386,3
769,47,21401386,1
770,82,21401386,3
771,9,21401386,4
772,17,21401386,3
773,5,21401386,1
774,15,21332101,2
775,1,21332101,3
776,9,21332101,3
777,18,21332101,1
778,58,21332101,4
779,82,21332101,3
780,61,21332101,3
781,74,21332101,3
782,54,21332101,4
783,44,21332101,3
784,28,21332101,3
785,88,21332101,4
786,39,21332101,3
787,11,21332101,2
788,29,21332101,3
789,85,21631574,1
791,3,21531336,3
792,26,21531336,4
793,1,21693569,4
794,2,21693569,1
795,42,21693569,4
796,1,20727648,4
798,10,20727648,3
799,74,20727648,4
800,18,20727648,3
801,8,20727648,1
802,46,20727648,1
803,17,20727648,4
804,13,20727648,1
805,9,20727648,1
806,1,N14322941,4
807,2,N14322941,1
808,3,N14322941,1
809,15,21693569,1
810,44,21693569,4
811,15,21431318,3
812,44,21431318,4
813,54,21431318,3
814,90,21431318,3
815,48,21431318,2
816,8,21431318,3
817,91,21431318,3
818,92,21431318,2
819,93,21431318,1
820,1,21531479,3
821,48,21531479,4
823,15,21531479,2
824,33,21531479,2
825,16,21232614,2
827,13,21232614,1
828,1,21232614,4
829,94,21232614,3
830,39,21332407,3
831,1,21332407,3
832,18,21332407,3
833,17,21332407,3
834,16,21332407,2
835,15,21332407,2
836,48,21332407,2
837,91,21332407,3
838,19,21332407,2
840,61,21332407,3
841,74,21332407,2
842,13,21332407,2
843,11,21332407,2
844,58,21332407,4
845,9,21332407,2
846,1,21332349,3
847,58,21332349,4
848,2,21332349,2
849,39,21332349,3
850,19,21332349,2
851,11,21332349,2
852,9,21332349,2
853,18,21332349,3
854,17,21332349,4
855,15,21332349,3
856,16,21332349,2
857,74,21332349,4
858,61,21332349,3
859,54,21332349,3
861,33,21431304,2
862,74,21831352,3
863,1,21831352,2
864,1,N18131749,3
865,13,N18131749,3
866,12,N18131749,3
867,19,N18131749,3
868,9,N18131749,2
869,33,N18131749,2
870,17,N18131749,4
871,8,N18131749,3
872,18,N18131749,3
873,91,N18131749,3
874,74,N18131749,2
875,25,N18131749,3
876,26,N18131749,3
886,1,21831534,3
888,1,21731851,2
889,2,21731851,1
890,33,21731851,1
891,1,21831328,4
893,1,21831108,3
894,95,21831108,3
895,45,21831108,3
896,1,21731994,3
900,1,21031021,4
901,1,21731808,4
907,44,21731808,3
908,100,21731808,3
909,1,21232303,3
910,17,21232303,2
911,1,N18139171,4
912,61,21732144,3
913,1,21732106,3
914,74,21732106,3
915,17,21732106,2
916,1,21831309,4
917,13,21831309,2
918,43,21831309,3
919,59,21831309,1
920,57,21831309,2
921,54,21831309,2
922,51,21831309,2
923,58,21831309,4
924,1,21631684,3
926,74,21631684,3
934,28,21831165,3
935,26,21831165,3
937,1,21731612,2
938,48,21731612,1
939,44,21731612,3
942,28,21731612,3
943,26,21731612,3
944,1,21791799,2
945,39,21791799,2
949,73,21731884,2
951,33,21731884,2
953,28,21731884,3
955,61,21731683,3
956,17,21731683,3
960,1,21731975,3
962,74,21731975,3
963,33,21731975,3
964,28,21731975,3
965,29,21731975,3
966,54,21731975,3
967,73,21731975,3
968,101,21731975,3
969,17,21731975,2
970,2,21731975,2
972,17,21731793,1
973,43,21731793,2
975,1,21731793,2
976,102,21731793,3
991,48,21731793,1
992,103,21731793,2
993,1,21731736,3
994,15,21731736,2
995,59,21731736,2
996,28,21731741,3
997,30,21731741,3
1001,33,21731898,3
1002,33,21731631,3
1003,7,21505358,1
1004,58,21505358,4
1005,1,21505358,4
1007,63,21505358,2
1008,82,21505358,2
1009,9,21505358,3
1010,91,21505358,3
1011,18,21505358,4
1012,17,21505358,4
1013,48,21505358,2
1015,33,21505358,3
1016,8,21505358,1
1017,15,21505358,3
1018,54,21505358,3
1019,29,21505358,3
1020,25,21505358,3
1021,30,21505358,3
1022,28,21505358,4
1026,28,21731697,3
1028,1,21731697,3
1029,26,21731697,2
1030,2,21731697,1
1031,48,21731697,1
1032,29,21731697,2
1033,30,21731697,3
1034,54,21731697,1
1035,44,21831204,2
1038,74,21731587,4
1039,1,21731587,3
1040,15,21731587,1
1046,1,21731956,3
1047,6,21731956,1
1050,33,21731956,2
1051,95,21731956,3
1054,41,21731774,1
1055,1,21731774,3
1058,1,21731989,2
1060,45,21731989,1
1061,3,21800903,4
1062,1,21800903,4
1063,7,21800903,4
1064,1,21732001,1
1065,2,21732001,1
1066,54,21732001,3
1068,33,21631392,2
1069,54,21631392,3
1074,1,21731659,3
1076,95,21731659,3
1077,1,21731846,3
1082,2,21731846,1
1084,95,21731846,2
1085,1,21431227,3
1086,43,21431227,3
1087,74,21431227,3
1089,2,21431227,2
1090,2,21831328,1
1092,1,21791771,2
1093,91,21791771,2
1094,43,21831328,1
1097,1,21731832,4
1099,15,21731832,3
1101,74,21831534,3
1102,54,21831534,3
1103,100,21831534,2
1104,30,21831534,3
1105,61,21831534,3
1106,75,21831534,2
1107,53,21831534,2
1108,1,21431375,3
1109,74,21431375,4
1110,1,21731573,3
1111,1,21732048,2
1112,52,21732048,1
1113,78,21731573,2
1114,74,21731573,3
1115,1,21731568,3
1116,17,21731568,1
1119,95,21731568,3
1121,26,21732015,3
1122,1,21732015,3
1123,1,21806903,4
1124,13,21806903,2
1126,105,21806903,3
1127,1,21605233,4
1129,33,21605233,3
1130,1,21831572,2
1131,74,21831572,3
1137,95,21731923,3
1138,1,21431188,3
1139,33,21431188,1
1140,45,21431188,1
1141,1,21731607,2
1142,103,21731607,1
1143,33,21731774,2
1175,1,21732091,2
1176,61,21732091,4
1177,1,21731645,2
1181,93,21731645,1
1182,44,21731645,4
1184,12,N16123506,3
1188,46,N16123506,3
1189,13,N16123506,2
1190,90,N16123506,3
1191,9,N16123506,1
1192,8,N16123506,1
1193,16,N16123506,2
1194,1,21731554,2
1195,17,21731554,2
1202,1,21732139,3
1203,77,21732139,2
1204,1,21731717,2
1205,91,21731717,1
1206,61,21731717,3
1212,98,21731937,3
1213,1,21731937,2
1214,114,21731937,2
1215,1,21685493,2
1216,33,21685493,2
1219,61,21685493,2
1221,47,21631478,3
1225,29,21631478,1
1226,15,21631478,3
1232,98,21732139,3
1233,2,21732139,1
1234,17,21732139,1
1235,1,21732067,2
1236,11,21732067,1
1237,52,21732067,2
1239,54,21731703,4
1240,1,21731703,2
1241,28,21731703,3
1242,17,21731703,1
1243,1,N18139791,3
1245,39,N18139791,3
1246,116,N18139791,3
1247,2,N18139791,1
1248,11,N18139791,2
1249,1,21606095,4
1250,15,21606095,1
1251,52,21606095,1
1253,1,21731664,3
1254,17,21731664,2
1255,2,21731664,2
1256,74,21731664,3
1257,61,21731664,3
1258,95,21731664,2
1259,11,21809036,1
1262,85,21809036,1
1263,44,21731664,3
1265,52,21731664,3
1267,15,21809036,1
1272,43,21732111,3
1275,1,21732111,2
1277,2,N18139171,1
1278,1,21732053,4
1279,73,21732053,3
1280,17,N17139391,3
1281,1,N17139391,3
1282,71,N17139391,1
1283,18,N17139391,1
1284,1,20829358,4
1285,2,20829358,1
1286,8,20829358,2
1287,36,20829358,3
1288,94,20829358,3
1289,9,20829358,2
1290,21,20829358,2
1291,1,21232743,2
1292,33,21232743,2
1293,61,21232743,2
1294,2,21232743,1
1295,15,21232743,1
1296,74,21232743,1
1297,1,21431337,3
1298,24,21431337,2
1303,17,21430972,4
1304,15,21430972,2
1307,54,21731554,4
1308,43,21731554,2
1309,1,N18139959,4
1310,122,N18139959,2
1311,43,N18139959,3
1313,1,21731722,3
1328,123,21505358,4
1329,85,21505358,4
1330,8,21431026,1
1331,1,21332076,2
1333,39,21332076,2
1334,9,21332076,1
1335,15,21332076,1
1336,16,21332076,1
1337,17,21332076,2
1339,19,21332076,1
1340,30,21332076,3
1341,28,21332076,3
1343,105,21332076,3
1344,29,21332076,2
1345,25,21332076,1
1346,124,21332076,2
1347,15,21232317,3
1348,8,21232317,3
1349,15,21130898,4
1350,16,21130898,3
1351,25,21130898,3
1361,1,21889038,4
1362,2,21889038,1
1363,58,21889038,4
1364,17,21889038,2
1366,40,21889038,4
1367,44,21889038,4
1369,53,21889038,3
1370,65,21889038,2
1371,1,21331984,4
1372,15,21631445,3
1374,33,21631445,4
1375,1,N16123506,3
1380,1,20930025,4
1381,2,20930025,3
1382,1,21831625,3
1383,2,21831625,1
1384,1,N17114066,3
1385,17,N17114066,4
1386,18,N17114066,2
1387,15,N17114066,1
1388,44,N17114066,4
1389,1,N17116388,4
1390,18,21232374,2
1393,6,21232374,1
1394,1,21232374,3
1395,73,21232374,1
1396,44,21232374,2
1397,95,21232374,2
1398,43,21232374,3
1399,15,20929984,4
1400,16,21030814,3
1401,10,21030814,2
1402,125,21030814,3
1403,74,20929951,2
1404,54,20929951,3
1405,116,20929951,3
1406,95,20929951,3
1407,61,20929951,2
1408,1,N16214521,3
1409,37,N16214521,3
1410,1,21232589,3
1411,13,21232589,3
1412,93,21232589,3
1413,15,21232589,2
1414,16,21232589,3
1415,9,21232589,2
1416,49,21232589,3
1417,48,21232589,3
1418,17,21232589,3
1419,8,21232589,2
1420,10,21232589,2
1421,39,21232589,2
1422,1,21731678,3
1423,45,21731678,2
1424,6,21631593,1
1427,74,21631593,3
1428,8,21631593,2
1429,33,21631593,2
1430,18,21631593,2
1431,45,21631593,2
1432,25,21631593,2
1433,26,21631593,2
1434,44,21631593,3
1436,6,21607992,1
1437,1,21607992,3
1438,19,21607992,2
1439,18,21607992,3
1440,15,21607992,3
1441,33,21607992,3
1442,39,21607992,3
1443,58,21607992,4
1444,82,21607992,3
1445,9,21607992,2
1446,17,21607992,3
1447,16,21607992,2
1453,90,21580869,1
1454,82,21580869,3
1456,117,21580869,3
1459,28,21580869,3
1460,83,21383565,2
1461,126,21383565,3
1462,1,21631828,4
1463,17,21631828,3
1469,43,21631828,2
1470,73,21631828,2
1471,40,21631828,3
1472,95,21631828,3
1473,2,21631828,2
1476,1,21332478,3
1478,11,21332478,2
1479,1,N18230376,4
1480,2,N18230376,2
1481,33,N18230376,4
1482,101,N18230376,2
1483,1,N18237245,4
1485,90,N18237245,4
1488,117,N18237245,4
1490,17,N18237245,4
1491,59,N18237245,4
1492,120,N18237245,4
1493,1,N18137896,4
1494,1,N18237319,3
1497,8,21631387,1
1498,8,21332101,1
1499,117,21430967,4
1500,48,21430967,2
1501,86,21430967,3
1502,12,21430967,3
1503,13,21430967,3
1504,18,21430967,3
1505,91,21430967,3
1506,17,21430967,3
1507,16,21430967,3
1508,1,21430967,4
1509,41,21430967,1
1510,106,21430967,3
1511,105,21430967,4
1512,30,21430967,4
1513,43,21430967,2
1514,57,21430967,2
1515,53,21430967,4
1516,79,21430967,3
1517,26,21430967,4
1518,95,21430967,2
1519,1,21732158,3
1520,15,21732158,1
1521,74,21732158,4
1523,103,21732158,3
1524,124,21732158,2
1525,1,20930063,4
1526,6,20930063,2
1527,127,20930063,3
1528,128,20930063,3
1529,129,20930063,3
1530,17,20930063,3
1532,1,21130937,4
1533,6,21130937,2
1534,1,21332115,4
1536,59,21332115,1
1537,44,21332115,3
1538,2,21332115,3
1539,91,21332115,3
1540,18,21332115,3
1541,19,21332115,2
1542,39,21332115,2
1543,86,21332115,2
1547,17,21332115,3
1548,61,21332115,3
1549,1,21131196,3
1550,13,21131196,1
1552,3,21131196,1
1553,9,21131196,1
1557,39,21131196,1
1558,19,21131196,1
1559,91,21131196,2
1560,18,21131196,1
1561,17,21131196,2
1562,8,21131196,1
1563,33,21131196,1
1564,16,21131196,1
1565,116,21131196,2
1566,1,21531121,4
1567,19,21531121,1
1568,9,21531121,2
1569,17,21531121,3
1570,15,21531121,2
1571,33,21531121,3
1572,1,21531044,3
1573,58,21531044,4
1574,17,21531044,3
1575,33,21531044,3
1576,15,21531044,3
1578,130,21531044,2
1579,83,21531044,1
1580,126,21531044,2
1581,44,21531044,2
1582,95,21531044,2
1583,1,21784399,3
1585,1,21601288,4
1587,5,21601288,1
1588,82,21601288,1
1589,17,21601288,3
1590,9,21601288,1
1591,33,21601288,2
1592,15,21601288,1
1597,1,N18238847,3
1598,46,N18238847,3
1599,13,N18238847,3
1600,90,N18238847,4
1601,9,N18238847,1
1602,17,N18238847,4
1603,16,N18238847,2
1607,131,20829358,4
1608,54,20829358,4
1609,116,20829358,3
1610,1,N18238001,2
1611,11,N18238001,2
1612,12,N18238001,2
1614,48,N18238001,1
1615,14,N18238001,2
1616,46,N18238001,2
1617,50,N18238001,1
1618,15,N18238001,1
1619,43,N18238001,1
1620,44,N18238001,3
1622,2,21731808,4
1627,1,N18239837,4
1628,1,21430881,3
1629,1,N18235707,4
1630,6,N18235707,1
1631,2,N18235707,1
1632,11,N18235707,2
1633,12,N18235707,2
1634,47,N18235707,3
1635,9,N18235707,1
1636,91,N18235707,3
1637,1,N18239489,4
1638,39,N18239489,4
1639,57,N18239489,2
1640,17,N18239489,3
1641,48,N18239489,2
1642,71,N18239489,3
1643,74,N18239489,2
1647,33,21631574,2
1651,15,21631574,1
1652,15,21731683,2
1653,12,N17239894,1
1654,1,N17239894,3
1655,2,21731788,1
1656,1,N18231612,4
1657,39,N18231612,3
1658,74,N18231612,2
1659,17,N18134892,3
1660,1,N18134892,2
1662,95,N18134892,2
1663,47,N18134892,1
1665,1,N18132094,4
1667,133,N18132094,3
1668,1,21731918,2
1669,2,21731918,1
1671,117,21731918,2
1672,15,21731918,1
1673,28,21731918,2
1674,15,21431188,2
1675,17,21431188,2
1677,18,21431188,2
1678,8,21431188,1
1679,19,21431188,1
1681,83,21431188,1
1684,1,21332062,3
1686,15,21332062,3
1687,74,21332062,3
1688,1,N17232861,3
1690,19,21601288,1
1691,18,21601288,1
1692,16,21601288,1
1693,135,21601288,4
1694,9,21631445,2
1700,136,20930063,2
1701,116,20930063,2
1702,137,20930063,1
1703,46,21580869,3
1704,1,N14210964,4
1706,75,N14210964,3
1707,73,N14210964,3
1708,26,N14210964,4
1709,17,N14210964,4
1710,15,21731884,2
1711,15,21731664,2
1712,33,21731664,2
1714,1,20727499,4
1715,1,21131015,4
1716,19,21131015,3
1719,39,21131015,3
1720,82,21131015,1
1721,13,21131015,3
1722,9,21131015,3
1723,91,21131015,3
1724,18,21131015,4
1725,17,21131015,4
1726,8,21131015,3
1727,33,21131015,2
1728,16,21131015,2
1752,63,21531044,2
1753,17,21531479,4
1754,30,21531479,4
1755,106,21531479,4
1756,29,21531479,4
1757,15,21604748,4
1758,16,21604748,2
1759,46,21604748,2
1760,12,21604748,2
1793,1,21131144,3
1794,13,21131144,2
1795,9,21131144,2
1796,91,21131144,3
1797,17,21131144,4
1798,15,21131144,3
1799,8,21131144,2
1800,16,21131144,2
1801,25,21131144,2
1802,44,21131144,3
1803,1,21731898,4
1804,15,21631608,3
1805,1,21631608,2
1806,9,21631608,1
1809,132,21631608,3
1810,74,21631608,3
1811,75,21948283,3
1813,1,21430991,4
1814,6,21430991,2
1815,1,N19137900,3
1816,10,N19137900,3
1818,101,N19137900,4
1819,1,N19134433,3
1820,63,N19134433,3
1822,136,N19134433,3
1823,39,N19134433,3
1826,43,N19134433,3
1827,1,21831639,2
1828,74,21831639,3
1829,44,21831639,3
1830,1,N19135640,2
1831,17,N19135640,4
1832,37,N19135640,3
1833,140,N19135640,4
1834,141,N19135640,2
1844,73,21831289,3
1852,1,21831041,2
1853,53,21831041,1
1855,16,21531283,1
1856,33,21531283,3
1857,47,21531283,1
1858,82,21531283,2
1860,1,21947823,3
1861,6,21947823,1
1862,45,21947823,1
1865,6,21732053,1
1866,33,21732053,3
1867,143,21732053,2
1869,74,21948393,3
1870,1,21948063,2
1872,15,21948063,1
1873,74,21948063,1
1874,3,21831113,3
1879,74,21831548,3
1880,1,21831146,4
1881,33,21831146,3
1882,44,21831146,2
1883,2,21831146,1
1887,1,21947889,3
1888,6,21947889,1
1889,57,21947889,2
1890,95,21947889,2
1891,145,21947985,2
1895,1,21831366,3
1896,85,21831366,1
1898,98,21831366,2
1899,33,21831625,2
1910,1,21831515,2
1912,61,21831515,4
1918,1,21948259,3
1920,53,21948259,3
1922,53,21947971,1
1923,44,21947971,1
1924,91,21831093,2
1925,1,21831093,2
1927,16,21531121,2
1934,74,21831074,4
1943,1,21831074,3
1945,1,21948006,4
1947,124,21948006,1
1948,53,21831074,3
1949,73,21831074,3
1976,88,21731645,2
1977,1,21831256,3
1979,29,21831256,1
1980,106,21831256,2
1985,1,21947933,3
1986,149,21947933,1
1987,91,21947933,1
1988,95,21947933,2
1989,61,21995024,3
1990,1,21995024,2
1991,9,21995024,1
1992,40,21995024,1
1993,1,21831088,3
1994,46,21831088,1
1996,13,21831088,1
2011,95,21831132,4
2012,98,21831132,4
2014,1,21831385,1
2015,44,21831591,1
2016,95,21831591,1
2017,1,21831151,2
2020,1,21900877,4
2021,58,21900877,4
2022,49,21900877,1
2023,124,21900877,2
2024,29,21900877,4
2025,131,21900877,3
2026,57,21900877,1
2027,148,21900877,3
2028,73,21900877,3
2029,151,21900877,3
2034,1,21831611,3
2035,44,21831611,1
2036,1,21948393,4
2037,58,21831261,4
2038,1,21831261,2
2039,74,21831261,4
2040,148,21831347,1
2041,33,21831347,3
2042,1,21831347,3
2044,1,21948264,1
2045,58,21948264,3
2046,61,21948264,1
2051,43,21948388,2
2053,148,21948388,1
2055,95,21947894,3
2056,91,21831237,1
2057,61,21831237,3
2058,1,21831237,3
2059,1,21948504,3
2060,45,21948504,1
2065,150,21831275,2
2070,178,21831275,1
2071,120,21831275,1
2072,148,21831495,1
2074,1,21948388,3
2075,1,21831438,2
2076,59,21831438,3
2078,1,21831606,2
2079,52,21831606,3
2087,3,21948207,3
2088,1,21948207,3
2091,74,21948207,4
2099,147,21831419,4
2102,1,21831419,4
2103,33,21831419,3
2104,43,21831419,3
2105,52,21831314,1
2106,1,21831314,3
2109,1,21831371,2
2110,17,21831371,1
2121,1,21831501,4
2122,98,21831501,1
2123,2,21631588,2
2125,9,21631588,2
2126,56,21631588,2
2127,1,21892906,3
2129,33,21892906,2
2132,54,21892906,3
2133,52,21892906,2
2139,1,21831405,3
2140,15,21831405,1
2141,54,21831405,3
2142,73,21831405,3
2143,44,21731989,3
2153,1,21831184,3
2154,149,21831184,1
2156,102,21831184,2
2157,1,21831476,2
2158,52,21831476,2
2163,1,21948355,3
2164,3,21948355,3
2165,150,21948355,1
2172,28,21948355,3
2173,44,21948355,1
2183,1,21831036,2
2184,74,21831036,2
2188,1,21831218,3
2192,2,21831218,1
2194,106,21831218,2
2216,82,21531149,2
2217,33,21531149,3
2220,15,21531149,3
2227,1,21831127,3
2228,17,21831127,1
2229,95,21831127,3
2230,44,21831127,3
2231,1,21785162,4
2232,3,21785162,1
2233,45,21785162,4
2234,52,21785162,3
2235,57,21785162,1
2236,100,21785162,2
2237,48,21791799,2
2238,136,21791799,3
2241,61,21791799,2
2242,126,21791799,3
2243,15,21791799,2
2244,17,21791799,3
2245,33,21791799,3
2247,158,21791799,2
2248,159,21791799,1
2249,1,21631503,4
2250,149,21631503,1
2253,33,21631503,3
2254,1,21332316,4
2255,40,21332316,2
2257,57,21732072,4
2258,51,21631574,2
2259,16,20901248,1
2260,101,20901248,2
2261,26,20901248,3
2262,45,20901248,3
2263,157,20901248,3
2264,53,20901248,2
2265,161,20901248,2
2266,160,20901248,4
2267,0,21332095,1
2268,162,21332095,2
2269,17,21332095,4
2270,149,21831108,1
2271,15,21731994,2
2272,2,21501405,4
2273,1,N19232876,4
2274,15,21731631,3
2276,17,21731631,3
2277,1,21531154,3
2278,39,21531154,2
2279,15,21531154,3
2281,33,21531154,3
2282,17,21531154,2
2283,33,21732111,2
2284,15,21732111,2
2285,43,21732111,3
2286,160,21732111,2
2287,54,21732111,2
2288,52,21732111,3
2289,28,21732111,3
2290,38,21831204,1
2291,152,21831204,2
2292,15,21831204,2
2293,132,21831204,3
2294,106,21831204,3
2295,0,21604748,1
2296,0,21604748,2
2297,163,21604748,2
2299,1,N19238320,4
2300,4,N19238320,4
2302,58,N19238320,4
2303,11,N19238320,2
2304,40,N19238320,3
2305,17,N19238320,3
2306,11,21731808,1
2307,13,21731808,1
2309,1,N19135443,4
2310,10,N19135443,4
2311,49,N19135443,3
2312,48,N19135443,3
2313,8,N19135443,3
2314,16,N19135443,3
2315,51,N19135443,1
2316,25,N19135443,3
2317,73,N19135443,3
2318,101,N19135443,3
2319,167,N19135443,4
2320,168,N19135443,4
2321,164,N19135443,3
2322,169,N19135443,3
2323,170,N19135443,3
2324,17,21731697,3
2325,15,21731697,3
2326,38,N19231217,4
2328,1,21784399,3
2329,91,21784399,1
2330,61,21784399,4
2331,1,21995302,4
2332,3,21995302,3
2333,15,21731898,3
2334,17,21731898,3
2335,2,21731736,1
2337,18,21731736,2
2338,33,21731736,3
2339,1,21030995,4
2340,39,21030995,3
2341,13,21030995,3
2342,73,21731793,2
2343,28,21731793,3
2344,1,N19135150,4
2346,3,N19135150,2
2347,37,N19135150,4
2348,58,21601288,2
2349,12,N19232403,4
2350,1,N19232403,3
2351,90,N19232403,3
2352,46,N19232403,3
2353,1,N19136913,4
2354,85,N19136913,4
2355,12,N19136913,4
2356,163,N19136913,3
2357,16,N19136913,3
2358,173,N19136913,4
2359,44,N19136913,4
2360,61,N19136913,4
2361,1,N19131764,3
2362,17,N19131764,3
2363,44,N19131764,2
2364,0,N19131764,1
2365,1,N18239791,3
2366,2,21332412,2
2367,6,21332412,1
2368,1,N19234207,4
2369,6,N19234207,1
2370,174,N19234207,3
2371,175,N19234207,3
2372,176,N19234207,3
2373,17,21332316,4
2376,15,21332316,3
2377,16,21332316,3
2378,28,21332316,4
2379,106,21332316,4
2384,9,21731884,2
2391,1,N19138620,4
2392,55,N19133501,2
2393,90,N19133501,3
2394,0,N19133501,4
2395,44,N19133501,4
2396,106,N19131490,4
2397,0,N19133501,3
2398,0,N19133501,3
2399,0,N19134433,4
2400,1,21501405,4
2402,58,21501405,4
2403,3,21501405,1
2405,177,21501405,1
2406,55,21501405,2
2407,39,21501405,2
2408,15,21501405,1
2409,33,21501405,1
2410,51,21501405,1
2411,157,21501405,3
2412,95,21501405,2
2413,1,21332206,4
2415,149,21332206,2
2416,6,21332206,1
2417,90,21332206,1
2418,15,21332206,2
2419,8,21332206,2
2420,16,21332206,2
2421,33,21332206,3
2422,74,21332206,3
2423,40,21332206,3
2424,25,21332206,3
2425,161,21332206,3
2426,43,21332206,4
2428,28,21332206,3
2430,152,21332206,1
2433,9,21731808,3
2434,18,21731808,3
2435,33,21731808,3
2436,15,21731808,3
2437,17,21731808,3
2438,178,21731755,2
2439,1,21692731,4
2440,52,21692731,3
2441,14,21692731,3
2442,47,21692731,3
2443,165,21692731,3
2444,17,21692731,4
2445,15,21692731,2
2446,164,21692731,4
2448,152,21731865,4
2449,95,21731865,3
2450,0,21693335,1
2451,0,21693335,4
2452,0,20829339,4
2453,0,20829339,1
2454,1,21430934,4
2455,6,21430934,2
2466,1,21280021,2
2467,13,21280021,4
2468,15,21280021,4
2469,8,21280021,2
2470,16,21280021,3
2471,77,21280021,4
2472,1,21831204,3
2473,58,21831204,4
2474,167,21430934,3
2475,9,21430934,1
2476,17,21430934,4
2477,15,21430934,3
2478,33,21430934,3
2480,16,21430934,3
2481,65,21430934,3
2482,74,21430934,2
2483,136,21430934,4
2484,116,21430934,4
2485,25,21430934,3
2486,61,21430934,4
2487,139,21430934,3
2488,143,21430934,4
2489,30,21430934,4
2490,95,21430934,4
2491,26,21430934,3
2492,28,21430934,4
2493,44,21430934,4
2494,131,21430934,4
2495,92,21430934,2
2497,33,21431251,4
2498,19,21431251,2
2499,39,21431251,4
2500,9,21431251,2
2501,18,21431251,4
2502,15,21431251,3
2503,1,21431251,3
2504,41,21631723,1
2505,48,21631723,2
2506,12,21631723,1
2507,152,21631723,2
2508,13,21631723,1
2509,9,21631723,2
2510,15,21631723,3
2511,8,21631723,2
2512,33,21631723,3
2513,16,21631723,2
2514,10,21631723,2
2515,160,21631723,3
2516,84,21631723,3
2517,0,20829669,4
2518,1,21631723,4
2519,2,21631723,2
2520,167,20829669,4
2521,17,21631723,3
2523,16,20829669,4
2525,179,20829669,4
2526,181,20829669,4
2527,180,20829669,4
2528,1,20829669,4
2529,0,21831347,3
2530,15,21732106,3
2531,33,21732106,3
2533,39,21531121,3
2534,1,21986362,4
2538,163,21986362,2
2539,15,21986362,2
2540,33,21986362,2
2541,8,21986362,2
2542,2,21986362,1
2543,28,21986362,4
2544,54,21986362,3
2545,26,21986362,3
2546,58,21831179,4
2547,1,21831179,2
2548,2,21831179,1
2549,15,21831179,2
2550,33,21831179,2
2551,95,21831179,3
2552,1,21693503,4
2553,67,21693503,3
2555,16,21693503,3
2556,15,21693503,3
2672,136,21430915,3
2675,3,2200469022,2
2676,1,2200469022,3
2679,43,2200469004,3
2683,130,21732029,2
2685,17,21732029,3
2686,33,21732029,2
2694,1,21889541,3
2695,33,21889541,3
2696,18,21889541,3
2697,9,21889541,2
2698,17,21889541,4
2701,1,2200469019,4
2703,150,2200469019,3
2704,74,2200469019,4
2705,54,2200469019,3
2706,102,2200469019,2
2707,44,2200469019,4
2708,57,2200469019,1
2709,75,2200469019,1
2711,57,2200469059,4
2713,1,2200469059,3
2716,2,2200469059,1
2717,98,2200469059,2
2718,157,2200469059,2
2722,1,2200469005,2
2723,2,2200469005,1
2724,77,2200469005,4
2726,57,2200469005,1
2733,43,2200469005,3
2735,18,21731898,3
2736,9,21731898,3
2737,58,21731898,4
2738,9,21732106,3
2739,18,21732106,3
2741,1,21631847,4
2743,0,2200469061,4
2744,0,2200469061,1
2745,0,2200469061,4
2746,0,2200469061,4
2747,0,2200469061,4
2748,1,N18133808,4
2749,180,N18133808,1
2750,180,N18133808,1
2751,180,N18133808,1
2753,43,N18133808,2
2754,17,N18133808,4
2755,18,N18133808,3
2776,185,21948393,2
2777,15,21831515,2
2792,9,21731612,3
2794,15,21731612,2
2795,18,21731612,3
2796,33,21731612,4
2797,148,21731612,3
2798,170,21731612,1
2799,186,21731612,3
2800,15,21531465,2
2801,33,21531465,3
2802,16,21531465,2
2803,19,21531465,1
2804,1,21531465,3
2805,2,21531465,1
2806,148,21531465,3
2807,131,21531465,2
2808,44,21531465,3
2809,15,21731703,3
2810,11,21731703,1
2811,13,21731703,1
2812,9,21731703,2
2813,33,21731703,3
2814,1,21383513,4
2815,163,21383513,3
2816,0,21383513,1
2817,46,21383513,3
2818,16,21383513,3
2819,82,21383513,2
2820,0,21383513,1
2821,189,21383513,3
2822,191,21383513,3
2823,13,21383513,3
2824,192,21383513,2
2825,11,21383513,3
2826,187,21383513,3
2827,194,21383513,2
2828,199,21383513,2
2829,198,21383513,2
2830,195,21383513,2
2831,197,21383513,3
2832,200,21383513,2
2833,15,21831088,3
2834,1,21948044,3
2838,79,21948451,2
2840,1,21948245,3
2841,85,21948245,1
2842,95,21948479,1
2844,43,21948245,2
2845,1,21948317,3
2846,1,2200469827,3
2850,1,21948374,3
2851,93,21948374,2
2852,176,21948374,3
2853,44,2200469827,3
2855,149,2200469827,1
2856,88,2200469827,3
2857,150,2200469827,3
2860,95,21948413,4
2861,52,21948413,3
2862,26,21948413,3
2864,1,2200469043,3
2865,2,2200469043,1
2867,0,2200469058,2
2868,0,2200469058,2
2873,0,2200469058,2
2874,0,2200469058,2
2875,1,2200469018,4
2880,28,2200469827,3
2881,26,2200469827,3
2882,17,2200469827,2
2884,15,2200469827,1
2886,132,21948283,2
2887,1,21948283,3
2889,43,21948283,3
2890,24,2200469811,1
2891,1,2200469811,4
2892,39,2200469811,3
2894,201,2200469811,1
2908,157,21948317,1
2909,155,21948317,2
2910,117,21948317,2
2918,160,21948102,2
2919,45,21948102,1
2920,1,21948102,2
2921,0,21948303,1
2923,61,21948303,3
2924,48,21948303,2
2925,1,21948303,3
2926,1,21948077,4
2927,13,21948077,3
2928,12,21948077,3
2929,74,21948077,3
2930,95,21948077,2
2931,1,21947966,3
2934,57,21947966,3
2936,157,2200469047,3
2937,1,2200469047,2
2939,59,21947928,1
2942,157,21947928,2
2946,1,21948192,3
2950,6,21948192,2
2951,44,21948192,4
2952,43,21948192,3
2955,206,21948192,2
2956,1,,3
2957,1,,3
2958,1,21947928,3
2960,29,2200469017,1
2961,45,2200469017,1
2963,88,2200469017,1
2964,161,21947861,1
2965,117,21947861,3
2966,1,21947861,3
2967,43,21947861,1
2968,101,21947861,1
2970,40,21947861,4
2971,61,2200469822,2
2972,0,21948322,1
2973,0,21948322,1
2974,0,21948322,1
2983,1,21948322,3
2984,58,21948322,4
2985,6,21948322,1
2986,44,21948322,2
2987,207,21948322,1
2988,0,21948278,1
2989,157,21948278,3
2990,1,21948278,3
2991,148,21948278,1
2993,208,21948278,3
2996,1,21948369,3
2997,2,21948369,1
2998,40,21948369,4
2999,43,21948369,1
3002,58,2200469002,4
3003,6,21947894,1
3011,56,21948479,1
3015,44,21948336,4
3016,1,21948336,3
3017,73,2200469828,3
3018,1,2200469828,4
3020,52,21948369,3
3021,160,21948369,2
3022,116,21948369,3
3023,58,21948369,4
3024,48,21948369,2
3037,58,2200469806,4
3040,1,21947875,3
3041,73,21947875,3
3044,163,21947856,1
3046,1,21947856,3
3047,136,21947856,3
3052,28,21831289,3
3054,1,21948173,3
3056,169,21948173,2
3057,61,21948245,2
3058,208,21948245,3
3059,44,21948245,3
3060,28,21948245,3
3061,201,21948245,2
3074,1,21904429,3
3075,47,21904429,2
3076,15,21904429,2
3079,48,21904429,3
3080,116,21904429,4
3081,44,21904429,4
3082,40,21904429,2
3083,95,21904429,2
3086,1,N20132199,3
3087,2,N20132199,1
3089,3,N20132199,1
3090,49,N20132199,3
3091,47,N20132199,1
3092,39,N20132199,4
3093,12,N20132199,2
3094,9,N20132199,2
3095,161,N20132199,4
3096,88,N20132199,3
3097,28,N20132199,4
3099,210,N20132199,4
3100,211,N20132199,4
3101,212,N20132199,4
3102,7,N20140851,1
3104,1,N20140851,4
3105,4,N20140851,4
3106,200,N20140851,3
3107,33,N20140851,3
3108,18,N20140851,3
3109,20,N20140851,2
3110,213,N20140851,3
3111,1,N20131413,2
3112,174,N20131413,3
3113,1,N20139008,4
3114,149,N20139008,1
3115,6,N20139008,1
3116,12,N20139008,1
3117,67,N20139008,2
3118,15,N20139008,2
3119,180,N20139008,1
3120,16,N20139008,3
3121,29,N20139008,3
3122,25,N20139008,3
3123,26,N20139008,3
3124,1,N20132883,3
3125,147,N20139008,3
3126,212,N20139008,3
3127,30,N20139008,3
3128,1,N20137890,3
3129,17,N20137890,3
3130,40,N20137890,3
3134,15,2200469030,1
3136,29,21948369,3
3138,1,N20133049,4
3139,41,N20133049,2
3140,1,2200469035,3
3143,2,2200469035,1
3145,1,N20135642,4
3146,33,N20135642,3
3147,64,N20135642,3
3148,63,N20135642,2
3149,149,N20135642,1
3150,1,N20136601,3
3151,43,N20136601,4
3152,1,2200469818,4
3153,117,2200469818,3
3154,43,2200469818,3
3156,1,2200469030,3
3163,39,2200469829,3
3165,1,2200469066,2
3166,214,2200469066,2
3167,1,21948011,3
3168,157,21948011,3
3170,1,21948082,3
3171,15,21948082,1
3172,74,21948082,2
3173,136,21948082,1
3174,0,21948082,1
3175,95,21948082,1
3176,126,21948082,3
3177,17,N20134732,3
3178,1,N20134732,2
3179,149,N20134732,1
3180,39,N20134732,1
3181,9,N20134732,1
3182,9,N20134732,1
3183,213,N20134732,2
3184,73,N20134732,3
3185,28,N20134732,3
3186,1,21948116,4
3187,15,21948116,1
3188,74,21948116,4
3189,105,21948116,3
3191,43,21948116,2
3192,120,21948116,2
3193,79,21948116,3
3194,201,21948116,2
3195,73,21948116,2
3197,1,N20136164,3
3198,17,N20136164,1
3199,44,N20136164,1
3209,51,21232523,1
3210,136,21232523,3
3211,54,21232523,1
3212,126,21232523,1
3213,161,21232523,1
3214,105,21232523,1
3215,139,21232523,1
3216,103,21232523,3
3217,40,21232523,2
3218,95,21232523,3
3219,160,21948135,3
3220,1,21948135,3
3221,0,21948135,1
3222,44,21948135,3
3223,1,N20138797,3
3224,6,N20138797,2
3225,39,N20138797,4
3226,63,N20138797,2
3227,82,N20138797,2
3228,33,N20138797,3
3229,215,N20138797,3
3230,40,N20138797,2
3231,44,N20138797,3
3236,0,2200469067,1
3237,171,2200469067,3
3245,61,21731961,4
3246,15,21731961,1
3252,74,21948121,1
3253,171,21904415,2
3254,39,21904415,1
3255,209,N20135642,1
3256,157,21948518,3
3260,126,21948408,3
3261,98,21948408,3
3262,208,21948408,4
3263,79,21948408,2
3264,176,21948408,4
3268,1,21948408,3
3269,149,21948408,1
3270,1,21948484,3
3271,88,21948484,2
3273,43,21948484,4
3274,98,21948484,2
3276,58,2200469017,4
3277,1,2200469017,2
3278,58,2200469015,4
3279,1,2200469015,2
3280,150,2200469015,2
3282,208,2200469015,3
3283,52,2200469015,3
3284,95,2200469015,2
3286,157,2200469813,1
3287,171,21732125,2
3290,95,21732125,3
3291,54,21732125,2
3292,126,21732125,2
3299,15,2200469013,2
3300,74,2200469013,4
3302,54,2200469013,4
3303,44,2200469013,3
3304,1,21948025,3
3306,1,2200469813,3
3307,45,21948432,3
3310,1,21948432,3
3311,144,21948432,3
3312,149,21948432,1
3313,6,21948432,1
3314,54,21947875,2
3316,171,21948498,2
3317,161,21948498,2
3321,1,21947947,2
3326,157,21947947,1
3327,1,21831333,3
3328,54,21831333,3
3329,61,21831333,2
3330,28,21831333,3
3338,54,21947804,2
3340,74,21947804,2
3341,148,21947804,1
3342,161,21947804,3
3343,1,21948149,3
3344,117,21948149,2
3345,186,21948149,2
3346,73,21948149,1
3347,59,21948149,2
3348,52,21948149,1
3353,74,21948039,2
3354,171,21948039,2
3355,171,21831457,3
3356,171,21831457,3
3357,15,21831457,3
3358,160,21831457,3
3363,44,21948187,3
3365,1,21948187,2
3370,74,21948187,2
3372,145,21948187,2
3373,44,21948039,3
3374,1,21948226,2
3376,15,21948226,1
3381,136,2200469816,3
3383,171,21731769,3
3384,33,21731769,2
3385,61,2200469816,3
3387,52,21731769,3
3388,1,2200469816,2
3389,1,21947818,2
3390,58,21947818,4
3394,132,21948393,1
3395,1,2200469812,2
3396,61,2200469812,4
3400,117,2200469023,2
3401,26,2200469023,2
3402,17,2200469023,1
3403,2,21948393,1
3404,1,2200469805,4
3405,219,2200469805,2
3406,220,2200469805,3
3407,43,2200469805,2
3408,221,2200469805,3
3409,222,2200469805,2
3411,1,2200469020,2
3412,144,2200469020,3
3413,0,21692506,1
3416,18,21731994,3
3417,9,21731994,2
3419,16,21731994,2
3420,33,21731994,3
3421,1,21130846,3
3422,6,21130846,1
3423,16,21130846,2
3424,15,21130846,3
3425,9,21130846,2
3426,8,21130846,2
3427,167,21130846,2
3428,39,21130846,3
3430,146,21130846,4
3431,83,21130846,2
3432,42,21130846,3
3433,209,21130846,2
3434,1,21531369,3
3435,17,21531369,3
3436,15,21531369,3
3437,208,21531369,3
3441,18,21531369,3
3442,91,21531369,1
3443,16,21531369,3
3444,54,21531369,1
3445,61,21531369,4
3446,74,21531369,3
3449,15,21831151,3
3450,187,21831151,3
3451,16,21831151,3
3452,17,21831151,3
3461,1,20930058,3
3462,17,20930058,3
3463,163,20930058,2
3464,18,20930058,3
3465,9,20930058,2
3467,61,20930058,3
3469,44,20930058,3
3470,74,20930058,2
3472,9,21693646,1
3474,18,21693646,1
3475,136,21693646,3
3476,17,21693646,3
3477,16,21693646,1
3478,1,21693483,3
3479,79,21693483,3
3480,0,21731918,1
3481,106,21731918,3
3482,208,21731918,2
3483,1,21947894,3
3484,33,21947894,1
3485,171,N19238238,3
3486,2,N19238238,1
3487,33,N19238238,3
3488,8,N19238238,2
3489,17,N19238238,3
3490,18,N19238238,2
3491,9,N19238238,1
3492,90,N19238238,3
3493,133,N19238238,1
3494,136,N19238238,4
3495,29,N19238238,4
3496,74,N19238238,4
3497,98,N19238238,3
3498,169,N19238238,2
3499,105,N19238238,4
3500,223,N19238238,1
3501,44,N19238238,3
3502,209,N19238238,3
3503,147,N19238238,3
3504,95,N19238238,3
3505,3,21731722,1
3507,1,21430972,4
3508,224,21430972,2
3511,16,21430972,2
3512,61,21430972,4
3513,25,21430972,3
3514,1,21731631,3
3515,18,21731631,3
3516,9,21731631,2
3517,11,21731865,1
3518,18,21731865,1
3519,17,21731865,3
3520,17,21731865,3
3521,8,21731865,2
3522,33,21731865,2
3523,1,21401406,4
3524,4,21401406,4
3525,12,2200469828,2
3529,9,2200469828,2
3531,1,21831132,3
3534,15,21831132,2
3535,33,21831132,4
3537,48,21831132,2
3539,17,21831132,3
3540,17,21948393,3
3541,0,21605233,1
3542,43,2200469066,2
3543,1,2200469013,4
3544,18,21731884,2
3545,124,21731884,2
3547,201,21731884,2
3553,15,21831352,3
3554,17,21831352,4
3555,18,21831352,3
3556,9,21831352,1
3557,33,21831352,2
3560,171,21731813,3
3561,15,21731813,2
3563,9,21731813,2
3564,18,21731813,2
3566,17,21731813,4
3567,33,21731813,2
3568,73,21731813,3
3570,19,21731736,2
3571,9,21731736,2
3572,162,21731736,1
3573,213,21731736,2
3577,33,21948413,2
3579,15,21731568,2
3580,33,21731568,3
3581,18,21731568,3
3583,9,21731568,1
3584,40,2200469827,1
3585,33,2200469827,2
3586,91,2200469827,2
3587,18,2200469827,2
3592,6,21631847,4
3594,39,21692506,3
3596,13,21692506,3
3597,13,21692506,3
3598,13,21692506,3
3599,13,21692506,3
3600,90,21692506,3
3601,90,21692506,3
3602,33,21831366,3
3603,15,21831366,2
3604,9,21831366,1
3608,1,20829564,3
3609,15,20829564,1
3610,16,20829564,3
3611,90,20829564,4
3612,190,20829564,3
3613,98,21831218,4
3615,1,2200469027,2
3616,1,21131202,4
3617,17,21131202,4
3618,40,21131202,3
3619,31,21131202,3
3620,6,21131202,3
3621,15,21131202,1
3622,138,21131202,3
3623,225,21131202,4
3624,131,21131202,3
3625,58,21631847,4
3626,15,21631847,4
3627,91,21631847,4
3628,2,21732106,1
3629,18,21831204,3
3630,9,21831204,3
3631,17,21831204,3
3634,9,21831515,4
3636,18,21831515,3
3638,33,21831515,4
3639,10,21831515,1
3640,39,21831515,3
3641,48,21831515,4
3644,2,21831165,3
3646,9,21831165,2
3652,1,21831165,4
3653,18,21831165,3
3654,17,21831165,3
3655,225,21831165,4
3656,15,21831165,3
3657,33,21831165,3
3658,2,21430915,2
3659,224,21732106,2
3660,116,21732106,3
3661,15,2200469806,2
3662,132,2200469806,3
3664,1,2200469806,3
3665,12,2200469806,2
3666,17,2200469806,3
3671,33,2200469017,2
3673,1,2200469028,4
3678,210,2200469018,1
3679,15,21531336,3
3680,16,21531336,3
3682,15,21948121,2
3684,132,21948121,3
3685,77,21948121,2
3688,149,21948121,1
3689,1,21948121,3
3691,1,21948518,4
3692,1,2200469064,2
3693,48,2200469064,2
3694,158,2200469064,2
3695,82,2200469064,1
3696,33,2200469064,1
3697,0,21831237,1
3698,9,21948393,2
3699,18,21948393,3
3700,67,21948393,3
3701,33,21948063,1
3702,31,21831041,1
3706,101,21232671,4
3708,15,2200469032,3
3710,1,2200469032,4
3712,132,2200469032,3
3713,9,2200469032,1
3714,1,2200469069,3
3715,48,2200469069,2
3716,12,2200469069,2
3717,158,2200469069,4
3718,9,21948173,1
3719,17,21948173,2
3721,54,21948173,1
3731,1,21831495,3
3732,1,N21239758,4
3733,63,N21239758,4
3734,63,N21239758,4
3735,1,N21137806,3
3736,16,N21137806,3
3737,174,N21137806,3
3740,128,N21137806,3
3741,17,N21137806,3
3742,18,N21137806,3
3743,224,N21137806,3
3744,15,N21137806,1
3745,39,N21137806,3
3746,49,N21137806,2
3749,15,21948451,4
3750,132,21948451,3
3752,1,21948451,4
3753,13,21948451,1
3754,18,21948451,1
3755,74,21948451,3
3756,54,21948451,3
3757,161,21948451,3
3760,16,21631588,2
3761,36,21904429,1
3762,35,21904429,1
3763,16,21904429,1
3764,9,21904429,1
3766,33,21904429,3
3767,229,21904429,3
3768,225,21904429,3
3769,161,21904429,3
3770,211,21904429,3
3771,210,21904429,3
3772,26,21904429,3
3773,1,21948413,4
3774,16,21948413,2
3775,15,21948413,2
3776,230,21948413,2
3779,1,21731683,3
3781,149,21731631,1
3782,1,21947985,3
3783,85,21947985,1
3784,39,2200469030,2
3785,2,21948518,1
3786,15,21948518,1
3787,95,2200469055,4
3789,36,21731722,3
3790,122,21731722,3
3791,16,21731722,3
3793,31,21631847,3
3794,229,21831108,4
3795,18,21831108,4
3796,15,21948393,2
3798,6,20829358,1
3800,15,2200469829,2
3801,125,2200469829,1
3802,33,2200469829,2
3803,229,2200469829,3
3804,9,2200469829,3
3805,18,2200469829,2
3806,1,2200469829,3
3807,143,2200469829,4
3808,43,2200469829,4
3809,28,2200469829,4
3810,208,2200469829,4
3811,1,21831548,4
3813,2,21831548,1
3815,17,21831548,4
3816,91,21831548,2
3817,9,21831548,3
3818,15,21831548,4
3819,18,21831548,4
3822,43,2220469008,2
3824,1,2220469008,3
3828,227,21232671,4
3829,1,21232671,4
3830,210,21232671,4
3831,34,21232671,3
3832,0,21431389,4
3833,1,2220469013,3
3834,12,2220469013,2
3835,217,2220469013,2
3836,171,2210469009,2
3837,88,2210469009,1
3838,136,2210469009,1
3839,233,2210469009,1
3840,0,21948121,1
3841,0,21948121,1
3843,226,21948121,2
3844,171,21732072,2
3845,16,21732072,3
3846,1,21607921,4
3848,1,2210469002,4
3852,15,2200469018,3
3854,8,2200469018,2
3856,2,2200469018,1
3858,169,2200469018,2
3860,39,2210469057,2
3862,171,2210469057,2
3864,17,2210469057,2
3866,1,2210469007,4
3868,149,2210469007,3
3872,39,21948173,2
3874,158,21948173,1
3876,19,21948173,1
3878,192,21948173,1
3880,33,21948173,2
3882,16,21948173,2
3884,8,21948173,2
3886,15,21948173,1
3888,18,21948173,1
3890,208,21948173,3
3892,236,21948173,4
3894,238,21948173,3
3896,8,21948044,2
3898,10,21948044,2
3900,132,21948044,1
3902,15,21948044,2
3904,74,21948044,4
3906,98,21948044,2
3908,1,2230469034,2
3910,54,2230469034,3
3912,229,21948451,4
3914,1,2210469070,4
3916,16,2210469070,1
3920,15,2210469070,1
3922,144,2210469070,3
3924,240,2210469070,1
3926,152,2210469070,1
3928,229,2210469070,1
3930,1,21693129,2
3932,174,21693129,4
3936,242,21693129,4
3938,171,21431342,3
3940,16,21431342,3
3942,36,21431342,4
3944,242,21431342,4
3946,224,21431342,4
3948,91,21431342,4
3950,17,21431342,4
3952,15,21431342,2
3954,8,21431342,1
3956,33,21431342,1
3958,19,21431342,1
3960,74,21431342,3
3962,157,21431342,2
3964,77,21431342,1
3966,3,21431342,1
3968,2,21431342,1
3970,16,2200469032,2
3972,17,2200469032,2
3974,171,21947999,4
3976,6,21947999,2
3978,36,21947999,2
3980,16,21947999,1
3982,15,21947999,2
3984,9,21947999,2
3986,18,21947999,2
3988,17,21947999,3
3990,64,21947999,1
3992,33,21947999,1
3994,59,21947999,2
3996,73,21947999,2
3998,44,21947999,3
4000,209,21947999,1
4002,39,2220469116,3
4004,9,2220469116,1
4006,15,2220469116,1
4008,1,2220469116,3
4010,61,2220469116,3
4012,28,2220469116,3
4014,1,2200469056,3
4016,19,2200469056,2
4018,19,2200469056,2
4020,209,2200469056,1
4022,1,2210469053,4
4024,15,2210469053,3
4026,6,2210469053,1
4030,2,2210469053,1
4032,9,2210469053,2
4034,229,2210469053,3
4038,74,2210469053,4
4040,45,2210469053,3
4042,18,2200469066,2
4044,15,2200469066,2
4050,8,2200469066,2
4058,244,2200469066,2
4060,246,2200469066,2
4062,17,2200469030,3
4064,192,2200469030,1
4066,18,2200469030,2
4068,8,2200469030,2
4070,106,2200469030,3
4072,45,2200469030,1
4074,30,2200469030,3
4076,92,2200469030,1
4078,73,2200469030,1
4080,101,2200469030,1
4082,95,2200469030,3
4084,209,2200469030,1
4086,26,2200469030,3
4088,1,2200469002,4
4090,39,2200469002,2
4092,229,2200469002,3
4094,17,2200469002,3
4096,16,2200469002,3
4098,33,2200469002,3
4100,15,2200469002,3
4102,9,2200469002,1
4104,208,2200469002,4
4106,28,2200469002,4
4108,224,21232297,3
4110,63,21232297,2
4112,31,21831132,1
4114,2,21831132,3
4116,1,21947804,3
4118,8,21947804,2
4120,15,21947804,2
4122,16,21947804,2
4124,229,21947804,2
4126,33,21947804,2
4128,1,21948446,4
4132,149,21948446,2
4134,6,21948446,1
4138,229,21948446,3
4142,9,21948446,3
4144,18,21948446,3
4146,167,21948446,3
4148,17,21948446,4
4152,33,21948446,1
4154,15,21948446,1
4156,208,21948446,4
4158,26,21948446,4
4160,28,21948446,4
4164,229,2200469017,3
4166,16,2200469017,3
4168,234,2200469017,2
4170,15,2200469017,2
4172,17,2200469017,3
4174,49,21831055,3
4176,171,21831055,4
4178,210,21831055,3
4180,39,21831055,3
4182,39,21831055,3
4184,39,21831055,3
4186,1,2200469063,4
4188,6,2200469063,1
4190,39,2200469063,2
4192,229,2200469063,3
4194,192,2200469063,2
4196,8,2200469063,2
4198,16,2200469063,2
4200,54,2200469063,3
4202,44,2200469063,3
4204,52,2200469063,3
4206,1,2200469048,4
4208,39,2200469048,3
4210,88,2200469048,3
4212,1,2200469060,4
4214,16,2200469060,2
4216,225,2200469060,4
4218,2,2200469818,1
4220,230,2200469818,4
4222,15,2200469818,4
4224,171,2220469118,4
4228,15,2220469118,3
4230,16,2220469118,3
4232,17,2220469118,3
4234,171,2220469093,3
4238,15,2220469093,2
4240,16,2220469093,2
4242,63,2220469093,2
4246,39,2220469093,2
4248,61,2220469093,3
4250,28,2220469093,4
4252,171,2220469091,2
4254,15,2220469091,2
4256,8,2220469091,2
4258,16,2220469091,2
4260,39,2220469091,2
4262,33,2220469091,2
4264,234,2220469091,2
4266,19,2200469035,1
4268,229,2200469035,3
4270,18,2200469035,3
4272,16,2200469035,2
4274,171,2200469015,3
4276,15,2200469015,1
4278,44,2200469015,4
4280,171,21892542,3
4284,15,2220469119,2
4286,39,2220469119,3
4290,9,2220469119,1
4292,229,2220469119,3
4294,39,2200469068,2
4296,1,2200469068,4
4298,19,2200469068,1
4300,229,2200469068,3
4302,46,2200469068,1
4304,9,2200469068,2
4306,31,2200469068,1
4308,1,2200469025,3
4310,15,2200469025,3
4312,229,2200469025,4
4314,39,2200469025,4
4316,9,2200469025,3
4318,18,2200469025,2
4320,8,2200469025,3
4322,95,2200469025,3
4324,1,2210469024,4
4326,15,2210469024,2
4328,54,2210469024,1
4330,161,2200469025,4
4332,39,2210469024,1
4334,192,2210469024,1
4336,236,2200469025,4
4338,160,2200469025,4
4340,8,2210469024,1
4342,116,2200469025,3
4344,17,2210469024,2
4346,225,2200469025,2
4348,18,2210469024,1
4350,238,2200469025,3
4352,95,2210469024,1
4354,1,2210469032,4
4356,52,2210469032,2
4358,39,2210469032,2
4360,9,2210469032,1
4362,229,21947889,3
4364,39,2200469027,2
4366,15,2200469027,2
4368,15,2200469027,2
4370,116,2200469027,3
4372,116,2200469027,3
4374,15,2200469027,2
4376,15,2200469027,2
4378,15,2200469027,2
4380,15,2200469027,2
4382,171,2210469039,2
4390,17,2210469039,3
4392,6,2210469065,4
4394,61,2210469065,3
4396,61,2210469065,3
4398,171,2210469018,3
4400,15,2210469018,2
4402,74,2210469018,3
4404,160,2210469018,4
4406,54,2210469018,2
4408,29,2210469018,3
4410,61,2210469018,2
4412,75,2210469018,2
4414,236,2210469018,3
4416,52,2210469018,3
4418,95,2210469018,3
4420,9,2210469018,2
4422,91,2210469018,2
4424,229,2210469018,2
4426,39,2210469018,3
4428,6,2210469018,1
4430,171,2230469120,3
4432,248,2230469120,3
4434,45,2230469120,2
4436,171,2200469014,4
4438,117,2200469014,4
4440,39,2200469014,1
4442,229,2200469014,3
4444,192,2200469014,2
4446,248,2200469014,2
4448,234,2200469014,3
4450,16,2200469014,2
4452,54,2200469014,2
4454,161,2200469014,2
4456,61,2200469014,4
4458,185,2200469014,2
4460,74,2200469014,2
4462,129,21732034,3
4464,33,21732034,3
4466,171,2210469066,3
4468,16,2210469066,1
4470,16,2210469066,1
4472,171,2200469821,2
4474,1,2220469067,4
4476,248,2220469067,1
4478,100,2220469067,1
4480,144,2220469067,3
4482,145,21831328,2
4484,1,2210469038,3
4486,15,2210469038,2
4490,229,2210469038,4
4492,58,2210469015,4
4494,1,2210469015,3
4496,2,2210469015,1
4498,48,2210469015,1
4500,230,2210469015,2
4502,229,2210469015,1
4504,9,2210469015,1
4506,17,2210469015,2
4508,248,2210469015,3
4510,39,2210469015,2
4512,39,2210469015,3
4514,124,2210469015,1
4516,124,2210469015,2
4518,74,2210469015,3
4520,160,2210469015,3
4522,54,2210469015,1
4524,116,2210469015,1
4526,161,2210469015,1
4528,61,2210469015,4
4530,30,2210469015,2
4532,217,2210469015,3
4534,59,2210469015,2
4536,43,2210469015,1
4538,236,2210469015,3
4540,73,2210469015,3
4542,210,2210469015,4
4544,44,2210469015,2
4546,52,2210469015,3
4548,28,2210469015,4
4550,201,2210469015,2
4552,26,2210469015,2
4554,106,21732144,2
4556,1,2200469055,4
4558,8,21948102,3
4560,15,21948102,3
4562,16,21948102,3
4564,2,21948102,1
4566,1,2210469029,3
4568,39,2210469029,3
4570,61,2210469029,4
4572,58,2220469042,4
4574,171,2220469042,4
4576,2,2220469042,1
4578,39,2220469042,3
4580,229,2220469042,3
4582,248,2220469042,3
4586,160,2220469042,3
4588,187,2220469042,3
4590,18,2220469042,1
4592,9,2220469042,1
4594,208,2220469042,3
4596,15,21948192,4
4598,8,21948192,2
4600,180,21948192,2
4602,224,21948192,3
4604,190,21948192,2
4606,16,21948192,2
4608,244,21948192,2
4610,132,21948192,2
4612,171,21831462,4
4614,144,21948297,3
4616,157,21948297,3
4618,16,21948297,1
4622,15,21948297,3
4626,9,2220469117,2
4628,244,2220469117,2
4630,15,2220469117,4
4632,12,2220469117,4
4634,18,2220469117,2
4636,180,2220469117,3
4638,224,2220469117,3
4640,39,2220469117,2
4642,44,2220469117,4
4644,144,2220469117,4
4646,54,2220469117,4
4648,74,2220469117,2
4650,211,2220469117,3
4652,2,2220469117,4
4654,1,2220469117,4
4656,36,21332316,3
4658,242,21332316,3
4660,1,2200469004,4
4662,15,2200469004,4
4664,44,2200469004,4
4666,16,2200469004,3
4668,67,2210469032,2
4670,229,2210469032,3
4672,1,2200469040,4
4674,8,2200469040,3
4676,15,2200469040,3
4678,229,2200469040,4
4680,18,2200469040,3
4682,9,2200469040,3
4684,54,2200469040,1
4686,61,2200469040,1
4688,238,2200469040,1
4690,208,2200469005,1
4692,211,2200469005,1
4694,148,2200469005,1
4696,242,2200469005,1
4698,33,2200469005,1
4700,234,2200469005,1
4702,91,2200469005,2
4704,1,2210469056,4
4706,9,2210469056,1
4710,2,2210469056,1
4714,44,2210469056,4
4716,52,2230469094,4
4720,171,2230469094,4
4722,95,2230469094,3
4724,98,2230469094,4
4726,57,2230469094,3
4728,229,2230469094,2
4730,248,2230469094,2
4732,2,2230469094,2
4736,39,2210469038,2
4738,28,2210469038,3
4740,1,2220469020,4
4742,15,2220469020,2
4744,131,2220469020,3
4746,44,2220469020,4
4752,30,2220469020,4
4754,106,2220469020,4
4756,57,2220469020,3
4758,43,2220469020,2
4760,28,2220469020,4
4762,26,2220469020,4
4764,39,2220469020,2
4766,229,2220469020,2
4768,125,2220469020,2
4770,9,2220469020,2
4772,18,2220469020,2
4774,17,2220469020,3
4776,54,2220469020,2
